id,match
934,0.15646695950587536
6539,0.27869627013019427
6757,0.06273008038493375
2275,0.1948133849660834
1052,0.046575863798510274
2696,0.2104807709414986
3007,0.07196328567084084
2156,0.12348941430238994
8273,0.06275453064631886
3385,0.0751351765881592
7687,0.08158806891501671
6434,0.005250683329058959
2437,0.009234961926132736
426,0.11225398772119784
2825,0.18278966124431403
1791,0.3932548965530011
6688,0.12299093900600375
6625,0.06013079333808122
4083,0.03557061930487077
7814,0.10198732321714202
596,0.04341813900344031
7191,0.03467461154577338
1299,0.046769616795375946
1227,0.010163111689707028
783,0.8045099982240314
3858,0.31708327710712286
4297,0.17119319911315475
6729,0.5166619455609589
7966,0.35171724132132465
1378,0.049249861944228215
539,0.24760677179861992
6295,0.15667798602031804
2956,0.0484692494100602
1050,0.027208446844044946
1081,0.02091803433716424
3605,0.2927922544634438
2712,0.03238240193244261
8291,0.515491771513823
953,0.4259021758231259
794,0.07268863560472767
397,0.45008897177445123
165,0.37803992322696683
2897,0.041158581815581276
3295,0.3077005437286973
4615,0.26183543272350546
4193,0.26851947046610697
2098,0.02165630795849315
7841,0.4275838471428444
3795,0.13452215118979738
2080,0.15344611194077348
4814,0.1800499215000147
4479,0.021487116332993005
6466,0.5
3847,0.0027195395026478547
5680,0.25458046954279473
1606,0.04842138484500396
3199,0.4423003261372489
4496,0.09730422950085033
702,0.19567134179206117
4341,0.1423306167834553
3013,0.22071753250611245
7842,0.638993402424316
6906,0.17827241314332126
4409,0.09806146634592225
6763,0.2438074658943633
5965,0.21253606009392806
1127,0.20363742240214774
6079,0.021909211203819747
3329,0.3073463365133572
8146,0.4474753160041745
619,0.14746076874495384
3269,0.2587335974558363
25,0.1205141110624911
4724,0.07528086125484454
2093,0.0511569604031462
2051,0.17235131283553087
1945,0.12434873792638167
2917,0.8780009406409198
5472,0.12121442358384868
8323,0.2970069048226633
1408,0.021749954399449833
3186,0.2357712372590884
3499,0.19732675044561443
2515,0.0008469313157801118
5242,0.15628654447800225
7065,0.049937428697436656
6826,0.6342406444276585
3364,0.20785666028835803
5918,0.4004571705403921
1220,0.6451609711367721
4854,0.13914254074210922
1988,0.15875363659249542
3005,0.07512076129596468
7859,0.02052649349619628
6043,0.1629077349123841
2933,0.008218308172202158
6057,0.08724512256441727
5002,0.06195782309427636
5920,0.2533294736315342
236,0.008620935238786665
1825,0.09799216888227529
5443,0.15998349407337112
5228,0.057784874995296456
3134,0.14419732950481984
5756,0.03977768466839429
6122,0.3418426213131717
7300,0.4035605053920231
5087,0.06478960211726402
4308,0.0447314495097736
7909,0.01695081157238373
6909,0.7043324161917968
6021,0.09514905242378528
1770,0.44385016345142847
4836,0.25801663045344503
189,0.13932474657097635
5450,0.21830848494738858
7454,0.041119719382305034
6184,0.007990056334901794
6270,0.21248172577829275
36,0.07115294416625864
7667,0.11902062846408462
3509,0.6048804976408029
2285,0.052165339747742324
3219,0.1520305781864673
291,0.5250302296357899
8047,0.03178104477808063
2571,0.016741265145214554
2650,0.022519027680511988
7145,0.16242646747574516
6300,0.41331942619242235
7987,0.14529243841894446
5291,0.05030779117908816
151,0.27258260504294385
7645,0.01040915798937029
6774,0.5171563938584037
5664,0.12097826578336782
6325,0.35944635126629126
408,0.1540793376923181
71,0.27077463194065404
3579,0.09419972908979664
3080,0.11820469650927054
3246,0.042116860891728565
1132,0.010054866645189606
6200,0.460016898435055
5370,0.09178141966842393
7587,0.41666360445644773
1822,0.16332070442899263
2543,0.02059278858957098
1912,0.13750977014404994
4148,0.3584010964723338
4530,0.024544179307791875
7141,0.006928106597127586
464,0.09909762515692794
7242,0.4878483491621967
52,0.24847005588608007
1526,0.03742587309986155
3552,0.03374174112512977
6801,0.17266712805643075
2371,0.019514634624146238
735,0.08912823418916282
7481,0.3190326804649648
7527,0.20447234611782597
703,0.10111910193732804
1166,0.04927717815870027
534,0.33842857013350863
7226,0.03693202753392443
6354,0.03144923727600208
2651,0.2255280703116009
6930,0.011267116310413256
4214,0.052815311207520345
3371,0.22505655373390002
7719,0.12220959290640597
4337,0.39187581011934347
1461,0.013790424952674294
1638,0.032652176232805905
3671,0.07963521188780161
6275,0.21808635601537554
5879,0.12224085629932094
628,0.12371767670524965
4932,0.025464251159527346
216,0.6225517057955081
6816,0.12402172075697328
1144,0.1659042543857105
3903,0.027694702345176243
8034,0.33267465553949027
7878,0.10252960727777655
1804,0.056238628689237034
442,0.015153214694610654
3450,0.30539231609919193
7470,0.13389123914648132
4065,0.41333863592696357
6081,0.08565279195826812
2497,0.05419855334104367
1985,0.0017848713233682657
1940,0.021921362580255264
7392,0.06827251178804754
5342,0.016333660536675555
2555,0.03046908555376279
800,0.04080219396402393
8376,0.010770431712505423
7130,0.03478537641898565
7332,0.12968482494953193
4831,0.07084052023367102
4818,0.13766545012116851
5387,0.05549809081756677
1751,0.15815540754534677
7568,0.23478723588842407
7816,0.031434440684407344
2268,0.19104474814346678
3305,0.05269898842544946
5544,0.008838997023663739
4378,0.37889931128905624
7693,0.05230484235704017
2927,0.06681150253699532
475,0.33487752928278075
377,0.5232235901610796
3487,0.027353231020125494
5659,0.04182075186731371
7357,0.08444934064766847
2103,0.04995282737216752
6224,0.05879270939891784
299,0.09562393990386289
1885,0.5573348024186828
2225,0.15883908337876973
7994,0.01283482560748183
851,0.07010513211168595
6416,0.013052552995000787
6868,0.08283627321661122
4632,0.23315360004292587
556,0.006719967681260808
6754,0.2169600648754278
7674,0.028018567011766235
4180,0.3090785797202873
2538,0.06886716215676925
2180,0.033883463353753925
5970,0.04746984207024073
4046,0.28179785161418125
7975,0.6122186908063454
1960,0.29385351859841896
315,0.09642347158362659
5344,0.1617840831182531
6802,0.004968841571143207
1552,0.008356772679245523
1002,0.06368545651698937
1727,0.11564776384387844
3278,0.5411234004544677
6350,0.1289679500636836
3534,0.012460890485392565
7475,0.11787965862883135
519,0.03753573188404609
1994,0.1475119461857613
6151,0.10654663117305992
1510,0.34539339118062257
1607,0.024997057031999604
7224,0.08010527588053061
2655,0.04893710448171827
4679,0.1085225856591341
7067,0.05140799682582827
7120,0.27712068109493787
7432,0.14789686594878396
4894,0.03738431617072849
6859,0.10179431639369284
1690,0.06625115019952323
7885,0.006274367813026756
3871,0.09529643732366704
2952,0.021755112323454742
1396,0.01970952057209774
6501,0.07454595454774188
6252,0.08795921347821872
5042,0.4070031890643559
2798,0.15858077520669686
898,0.19136063496388978
5184,0.017126288984491058
1249,0.050714903377856224
5261,0.023551071727525612
6838,0.08536723031178198
6403,0.09257225602873315
7508,0.10205164113941396
5469,0.27405308259950195
6956,0.009274658292255244
8086,0.049988906544032534
917,0.3433598580607431
5313,0.09400253906506015
351,0.22443681341301489
8293,0.0067262542349433045
2398,0.2487592738718808
2961,0.3958290923796891
7731,0.02481688334836937
4091,0.059217131351335925
5716,0.0380264658165117
3447,0.04863708844802693
3006,0.17608633664077347
4522,0.020582865264569584
1514,0.6839095573552901
4630,0.08523886569325063
6787,0.026856958699861006
1842,0.14154399630165826
5741,0.22072702773180353
3907,0.26050682558869626
763,0.010101855117168467
1139,0.00590312113445596
5329,0.03377737389574856
8145,0.015603602461364743
329,0.0550391206929789
8263,0.2276215333817153
7748,0.004391673703952803
8016,0.17101989863520137
95,0.20571922306048798
2191,0.36818335763376464
8219,0.052764463523467364
7169,0.09906262726476325
6032,0.044101929577471465
2855,0.058100064872714144
3168,0.041711535700953685
3525,0.060536697132928356
5639,0.5666466262967427
1257,0.08841424400614012
6364,0.0015658069685415517
15,0.1300162232407971
5540,0.30614753960586166
4912,0.1843525673249732
1231,0.03325938834909644
3667,0.1694974300553597
3236,0.3719998016515164
4792,0.0005453183049595233
7851,0.05942637238127798
1566,0.30677972654921554
2645,0.0012305097229737304
1574,0.16040048856974645
8130,0.07642564995709407
2860,0.07229456357093347
7356,0.08392196568815505
1534,0.36903245345430635
4579,0.4401488517591114
7000,0.20707809655393558
4074,0.6450801539410509
1900,0.1196066894063949
4453,0.08096693817382601
5515,0.2219643968394596
4769,0.20013443803871245
8362,0.19119322214474896
1036,0.29714849861202214
3034,0.05998655442117103
7148,0.2950030620968262
7195,0.02705369643431743
1747,0.583818408636074
4719,0.15580881288481516
6970,0.014436008579197255
4131,0.12278352994877782
8162,0.23885813843752052
2435,0.1460122139543155
615,0.002386377727448939
5068,0.25112024847477543
6520,0.363395347166124
3367,0.28733494269963133
3082,0.684234989064457
2095,0.05637095658144031
6977,0.06788578685001868
6558,0.1295220672695637
2693,0.27393424564320984
5418,0.008429901422082817
205,0.09292686681126609
44,0.3419326124969217
2872,0.08311873273010292
7058,0.6500765663180695
1368,0.08940118512514714
3788,0.30284380847859654
2900,0.17052677039296626
6267,0.29487407736089793
1253,0.07835993643338199
2237,0.06811422074928901
3965,0.024888441854747926
2628,0.07807108494373981
5638,0.07022645376086709
6026,0.08252536347518134
5640,0.026171403353956946
1848,0.45027628645069684
5393,0.09355747903247014
1272,0.232067161137973
2727,0.15182808745975315
2267,0.1858186909192962
7579,0.06191454545002347
1338,0.29210497579980266
1491,0.12155118978406923
1555,0.012687953889987679
6634,0.147998068154148
2006,0.017965281606383745
1995,0.15467569267799927
3113,0.049295464124932964
7639,0.0886302371583897
7273,0.038854010295310534
755,0.23518851640413968
5173,0.1363704447455503
2638,0.12276382779809777
7135,0.08986012757707208
1221,0.03979672307649027
5539,0.16466969852258362
7899,0.0848363215155403
7613,0.015941911848271983
1261,0.10288332822206492
571,0.0295412885864424
6732,0.19555608808567093
6803,0.2588196634808219
6406,0.1464566259706511
2160,0.2699759861308988
1416,0.06079912836389368
4081,0.03675090071170192
4008,0.014700041471754261
6951,0.6505180441230936
3542,0.057790362125660334
5651,0.8487923877694316
8088,0.03430095018965851
2565,0.061421212831663116
1817,0.12658733814348755
5094,0.028786041104143154
4747,0.0769635000154055
207,0.24906447212228264
2035,0.012978287936441292
5019,0.15887892224551273
6605,0.2784415192678695
5468,0.04916372758755118
6181,0.03735673260179348
6554,0.05500767937473866
8377,0.10922331742104348
5132,0.2585979943816681
719,0.115678626218633
6402,0.279780603224433
7192,0.03484852569822422
3309,0.1694217289729131
4998,0.3076490493604693
7172,0.11513635741688368
3653,0.02014822081483138
7170,0.2133101271811066
1214,0.19442318464586592
6855,0.017357156069913178
7134,0.0882512295864747
2540,0.3194264624499874
448,0.0034393461488848634
888,0.2035348646385341
6227,0.09978031339180321
7155,0.18464661587696823
7934,0.29422988232124914
5561,0.017724261484021134
5969,0.2754994581787338
6309,0.5088104820671401
5891,0.24748065427009902
3511,0.04162022119287899
2472,0.34822139260717017
495,0.26321879309805735
4432,0.2830633781657597
5623,0.041649895998493995
3773,0.04149361498059616
8354,0.844509019268874
6662,0.008362219446032267
566,0.34223450575838116
7413,0.05439842304456902
5389,0.07956721150475995
5537,0.08197533975111412
5642,0.15811519077917416
4996,0.4768955511071584
1841,0.028931012200635906
2076,0.18458835047244648
2867,0.14147895617877804
7629,0.2600961337882659
3969,0.10823227437771123
595,0.2436666063750429
4262,0.41743494498054345
14,0.18299436791101875
779,0.06136305450895253
6804,0.03309501379669695
1346,0.08341109314097388
3557,0.039636617969750966
5432,0.29232909409474783
7671,0.031009330617277463
6701,0.056696059850558825
5928,0.059467471230915885
7848,0.17391284450957725
5782,0.013906159737145516
3808,0.20311080952785862
2176,0.1432753553758008
3230,0.4202239416708105
2040,0.05409309826901389
4270,0.3169288475806085
5252,0.4137624202367296
2280,0.24578354720974852
1560,0.1473298618399992
7664,0.2459168024084962
1162,0.34006785169294196
1064,0.02955087168254136
384,0.368956995100365
5394,0.20767534048900124
7316,0.012437114376914261
8311,0.576527438428556
4547,0.007083745460197373
3410,0.18975521387571212
4688,0.04478900959245189
3427,0.15868188463959296
670,0.009746450425580479
1505,0.11321373339126595
3011,0.010663009246284641
6044,0.09480939485460181
6435,0.03209427093165335
4646,0.19871140044846694
7538,0.29724532703053835
3703,0.017139871072892818
4252,0.07581959847904342
5825,0.02287018639030702
892,0.06402905098108573
5949,0.11073959083018763
4339,0.14060454858624397
5767,0.024405533818129467
7021,0.08783704282315664
6449,0.34610095526667933
2412,0.0699758859852516
1593,0.042757535243403755
2033,0.014832788827758842
4023,0.1148119057981307
3095,0.019448583762548457
4791,0.04582558531571445
2428,0.2195068051934051
592,0.005183578796712987
6250,0.013967858032460027
4806,0.11838744287571232
1404,0.08709860833466473
2426,0.2821732411709709
4443,0.3213411799310788
3516,0.2248027389944179
3267,0.3656310044592421
1674,0.13045621420989426
5911,0.028346800768069568
6846,0.02200935957950421
2349,0.15014292264381354
557,0.5499278979974225
3851,0.09460267816351002
4188,0.4398634699216446
1892,0.9301434382596118
1476,0.005199028094184298
1622,0.09621951114126194
5810,0.02957066699957639
7556,0.013305222274726481
7736,0.028662360619791865
2154,0.34209084320121197
5326,0.05822375433348714
6616,0.015094448229087634
521,0.07103770626451468
6721,0.060431650202912725
4038,0.03397872254264888
1789,0.6596806822239969
4150,0.3885229433599531
2892,0.014542081391845941
8278,0.25080895247659535
5754,0.1919881005885542
5485,0.1472180306056899
3198,0.09614117864808813
4720,0.07636961678847838
5401,0.5446296689599368
3481,0.3061757934761308
1793,0.01913066168322025
2359,0.08736062700779691
3146,0.04420234937125533
285,0.2515911612909395
5292,0.9503312159076536
7161,0.04712752856757582
3849,0.1006277987080728
4582,0.0039260994495878875
1628,0.11395338928288885
3697,0.09703984303823147
5898,0.029597047376472067
2385,0.02428507504638964
3651,0.22577732063700945
2067,0.14941321022573012
6889,0.02392998439429793
3692,0.13915856928400785
3652,0.10925087921756059
1773,0.6493819076865944
1251,0.1490382643666963
1308,0.15493491925155717
4924,0.009555796538731232
3437,0.16657021325289093
4921,0.06361974329696789
7953,0.45214998988523336
4428,0.8931413399757181
413,0.32931301456474465
184,0.20245562154128896
5939,0.011172646524367336
6419,0.08937222632334076
4402,0.10191944820327012
1270,0.04908980929641397
2299,0.013012392517928927
1224,0.05410410173366464
8027,0.4441482998269171
1807,0.08509845205286035
8258,0.6760432886413356
1909,0.1318387255786987
5407,0.23239495233142002
2217,0.1365035436145079
7489,0.054371630142278506
7549,0.09652030517538453
246,0.30431456104916976
2471,0.06097068777714709
908,0.12273352171799383
4134,0.05733326907267538
3398,0.07751789590213393
7546,0.01314909689711876
6601,0.20000974423551215
6920,0.0166354150535357
4245,0.16014419058720075
8205,0.09259401976574183
312,0.0024135040790043416
8316,0.108857993319397
4978,0.033676069426456054
7518,0.42602013725148435
7104,0.4661769915320922
3265,0.12538795300288733
2473,0.01025001046183491
284,0.11732816655358491
2454,0.253414416149546
1768,0.3838522958659359
8181,0.17368548256794025
7946,0.043515190517008015
3618,0.0070206880909899644
559,0.11037182422433842
1862,0.5665466456755399
2803,0.10033177660716926
6817,0.6480703694257622
7652,0.2700403821001112
885,0.03234108848447172
4106,0.3506952371431458
4278,0.11602297107678072
7532,0.1792982536950703
1045,0.7337542967205015
1362,0.5439620947274597
1151,0.0907834860448614
3203,0.07571216613719718
8097,0.2515277097520349
2015,0.13728151541285144
1420,0.4253619331567743
6928,0.008099679150137285
7700,0.355495920277894
1353,0.06630657989547135
7684,0.5
643,0.03639104394167594
7519,0.12082592809913455
1305,0.06339837681448635
1069,0.2659081486366989
2255,0.2813684350564113
1801,0.013894820163461588
5402,0.006173803370031787
1969,0.014213235734163736
5065,0.09985023977267111
5156,0.20851913491131527
1439,0.07076242184698717
6960,0.1963592804271516
1312,0.7300308553795115
445,0.004738969282289237
6046,0.0227371395495655
6248,0.44348026526055895
2034,0.03958305678202817
8177,0.0004172074488233973
1653,0.04432379740883101
6129,0.04968262864679425
1838,0.16475595638222926
6857,0.021248443254681733
2968,0.04077175693305192
999,0.28325605736494586
418,0.4634617535232474
5746,0.32139100833727574
6351,0.18547628640240973
2209,0.21929788890195823
7897,0.06187934954626198
627,0.02889665269127897
5096,0.05267446445256026
552,0.03347305666306452
4489,0.2944191813557657
1389,0.03157826514264583
7702,0.5226179196873258
3798,0.01624107550727791
1533,0.4841894326326255
565,0.2439019950783962
5611,0.6914780626090233
883,0.17556557858907068
1956,0.07806061516450633
5337,0.3327377930345421
1086,0.002340178667008042
7127,0.20201141289791744
6054,0.07777080507028919
2873,0.0013273260702008937
1937,0.008382990560604969
7651,0.11145161421288277
6924,0.48898297812822145
2011,0.2196341119096838
4429,0.07615887054901783
31,0.7687870636733729
1126,0.05777831995851119
1394,0.2249108685647412
5336,0.14400816918663292
5283,0.15180191108117944
7923,0.09863908450439215
1297,0.12505481297482185
3458,0.19447343719101712
7174,0.3465066321931109
4703,0.11115378249187947
2912,0.060026826033027426
1240,0.05722557217035836
3982,0.02463316852833031
3311,0.06188237814259014
3500,0.01172717774364818
3105,0.12433583103441233
2550,0.28400776538807393
4812,0.013724175390928855
1811,0.007677820316526796
2219,0.028540494576191296
6101,0.03877161783194567
7159,0.2851438815326401
7492,0.061137870583289136
3714,0.3158681510080271
4093,0.06034808473358924
2222,0.3435928121803346
4211,0.10563517105648182
5226,0.040166260103942295
7867,0.054721370028571824
6904,0.039333990311774286
4607,0.4341071084814736
1070,0.22269434935836477
2129,0.009366154972769504
2130,0.13133844147897156
5509,0.48093603540825985
7626,0.1530656344004117
4011,0.19544487503512317
6346,0.0011761396522252836
7709,0.0138225378554633
4817,0.26444950567150927
762,0.08010637586423794
7657,0.1907699134240005
802,0.4042680764752482
1440,0.23548803777902177
4395,0.022128339665044367
2782,0.238814325080612
1859,0.3559317342511672
3486,0.07432099726933004
342,0.3117205108470763
907,0.031120141175492805
4086,0.14520046179786916
8077,0.029558348101254364
1824,0.15941563537650166
6423,0.2769048753314721
3729,0.24207706810274798
3089,0.041496122666458364
5135,0.05349766950917212
1066,0.059381629256343535
4181,0.23205789476625885
6664,0.02488967316294408
6690,0.21373202633737443
3131,0.11683292126461556
5912,0.16737423944591165
5894,0.030279334456473173
1024,0.23266271110862952
4067,0.11059041890496848
2281,0.16405104702718165
4813,0.02930029746483787
7206,0.07313695829672517
1376,0.1801125118686088
6003,0.05615165981456529
3173,0.46051703510259673
6225,0.5209019978878543
5461,0.09665483039390463
169,0.003963372342601152
6201,0.05089750577590397
2096,0.17428521712800385
332,0.045700101980907695
858,0.04625065095104947
3118,0.39722115487949583
7871,0.1041875177952237
4886,0.033034415567056385
2084,0.154073266946272
2913,0.01493213681311186
2535,0.20768108028261556
6092,0.174989286110112
4080,0.2889299151026671
2333,0.014431253803142606
4527,0.07865381450873038
504,0.19507907959118356
6322,0.38656226057757126
7598,0.04847521208529361
1382,0.12156757699644453
3073,0.6454475570106998
1400,0.08083150707540161
3431,0.0524631099224501
4257,0.06250812318001277
4249,0.034841843113006477
328,0.37851307983964744
1160,0.06277873332508621
585,0.09756516472293504
410,0.0578589098319025
3355,0.006085308327323513
4623,0.021447686979077816
1966,0.2297683935558365
3841,0.254818429115952
6001,0.027459382292021117
510,0.0751175720894141
1630,0.07229480334604592
4725,0.479500624877598
3395,0.05233728994244782
2836,0.17596579498261786
5376,0.07700230011695537
5656,0.11085097282189522
5897,0.019633717963406266
1991,0.01875286950855805
6474,0.2525133136736803
7180,0.11207624517768358
597,0.22926962219045333
2966,0.19805912026622527
6068,0.1235158197131289
7090,0.08244387270820577
903,0.2054700256770401
313,0.026524763225939423
679,0.2536474962888591
6453,0.48283973810094916
1541,0.5672276282190433
5247,0.05453055338431236
8063,0.012334317441816919
8118,0.0696276666537533
7601,0.044742339183813054
6197,0.2366776138968875
3221,0.1489811270224859
2248,0.022197625674182337
7617,0.038776449189026355
6390,0.8593604544506405
6427,0.37697412433545197
1529,0.0807111671648526
3670,0.016846977828674108
2682,0.3544795927640357
2182,0.115580756068568
6610,0.6967601318587856
1957,0.06791098503558655
6089,0.16370620148398415
7063,0.0611103298148949
708,0.06096638097914069
588,0.01965348657491448
5670,0.46340170730032637
2947,0.22079675011921804
8116,0.014511512981574784
5098,0.6393439171480527
6356,0.17557892089274357
6765,0.13191158831598454
3676,0.10924405759222024
1493,0.0013530452014854227
3352,0.06161333557159991
4942,0.20696101054066188
480,0.059970167240126174
390,0.560937337102352
7245,0.23928625935077474
7616,0.05534519918606906
1599,0.149915603427324
2185,0.12832301739435154
4419,0.015081888458044125
3337,0.0015965165323359465
459,0.1050705110951889
2294,0.6976213152320556
6067,0.15752597724903347
5159,0.09868063153904261
5438,0.10348137945156774
6926,0.20214678332030286
3228,0.018641945624955227
6861,0.1865521573768444
4393,0.0836348373855226
154,0.108052335302254
7469,0.24218362336329977
4628,0.01609091274800129
873,0.09072662885913714
774,0.14411415716140474
3484,0.015880682595119266
1763,0.5
7365,0.27459142259194735
6744,0.00928659074732001
2204,0.014533395940567195
6796,0.012324218339145496
7887,0.08633978006736058
6941,0.13135222681892705
3275,0.02667346549305519
2656,0.07604709523567871
4726,0.22910578182087427
3746,0.028888298129105545
1608,0.17545645215880087
3852,0.007284750659136447
3662,0.5208870578648439
4241,0.039057099186814895
2604,0.9016590369843155
1878,0.04658173612716585
135,0.23434170868743834
6213,0.2704839691616619
7772,0.011071777161384324
8215,0.023856084921329655
4340,0.09633054046213879
145,0.008012166246000449
6582,0.2408234338464181
1693,0.33753373281067517
8375,0.11809624316689642
3316,0.13165762463169417
3445,0.08756458433155592
4946,0.410331754944528
950,0.3981061230725787
7560,0.2150274804795616
3716,0.16947641577979683
834,0.018224766696955476
4689,0.02074586872016202
5395,0.0072598383792821936
3665,0.2464815544682494
3290,0.04698457150083042
6651,0.2830321228459057
5067,0.02006282474177863
5198,0.22180463644274936
6892,0.05869210076829235
2623,0.02657759055425116
7590,0.20494591392692424
4901,0.07892614228681
6725,0.014399291450065693
1837,0.14850242389901364
2081,0.2673307768997525
3794,0.6522856101711401
3059,0.01674207486017097
94,0.0903877874105727
4117,0.11204952262476604
2671,0.15524127169285346
4785,0.025166876981069303
1477,0.006533325710909305
1968,0.04394349924946841
6514,0.08413561702262447
4584,0.06007518730058577
2525,0.21661681628128876
4090,0.10291246406495025
8272,0.7509670182244569
2795,0.05430707339422524
3406,0.5413527350298175
2050,0.05506062236837383
2459,0.060517942347194924
3963,0.14893015447531002
1544,0.05915642774738499
6570,0.18534765460670513
2193,0.05005313261667452
7490,0.5699377311211229
1553,0.40773970857741965
1666,0.16722443629251657
4169,0.19142200897928938
4282,0.2007967991374449
1908,0.20305296455553082
1017,0.017338116841475862
828,0.4859598910297199
7262,0.12351404683777469
1695,0.09569299374706652
4846,0.023739790017577044
1098,0.04869497191416423
7376,0.03406205429642638
6515,0.05112397070389537
3759,0.08016377696044114
1487,0.10722206615411473
3477,0.3205877679150399
3755,0.3686379081853451
1588,0.260174558498528
3908,0.1740590837511734
6100,0.12790922416079908
4782,0.20919294736253083
7881,0.009662814307155912
163,0.019635961662175145
6375,0.01718607871552815
6929,0.1975338358372665
7786,0.1084453469931842
7238,0.19012912155863013
8349,0.016035566976446997
7213,0.02617854815488837
1856,0.515281277229384
6940,0.0752027291635593
2010,0.24897021978550868
2439,0.18391432121327542
1255,0.11665168662767844
7247,0.00829156979313964
2732,0.059888360821603676
496,0.02723028570874606
2289,0.010011802477758448
501,0.04011482498936066
3419,0.14825735646235355
5201,0.14489055720783986
1205,0.45552113936062105
7201,0.04443252075215777
3075,0.00012058558337637488
7358,0.01660522268361372
4078,0.2582889468731331
2320,0.11602487404963907
1212,0.06910952821566162
4694,0.0553445680828017
5775,0.03369535704962849
6145,0.019022467281490107
6210,0.0606087590533462
8053,0.29859053792240225
7449,0.5770030313103538
7229,0.017977304658265022
110,0.009301665802902225
5335,0.00611001823571999
4888,0.0433172427778424
114,0.38853663163638014
1435,0.19623311164561993
7609,0.10228122113392353
4954,0.02555678636518596
4578,0.15529021530744125
2875,0.2281329130552248
5460,0.08345869237851417
5183,0.10213181098635403
3218,0.9036171831587745
5318,0.31852215304098624
7050,0.35413769820720126
2769,0.2158087779201082
8212,0.17594810662943045
8123,0.12378038472087799
2547,0.20187142978140268
6722,0.049797987501363605
6615,0.17839323675934127
2028,0.535916258435037
635,0.1306000323797893
7348,0.04254571292374981
3222,0.45805989120219565
2863,0.00038740335179476983
405,0.0187229806271716
7627,0.057696688056645774
2877,0.022321813534620344
3372,0.2746347613010222
4328,0.28518668357865185
2859,0.27879301759561015
7593,0.33909912319120344
8014,0.050073930426308616
4295,0.042593077428012466
6208,0.18616008345898044
4439,0.0069464667990894605
3767,0.10181125100750368
4970,0.026188367439889306
3741,0.13257135828744201
5142,0.058173570743505806
6649,0.18789566164117116
6052,0.2944241163465903
4173,0.05144818698502418
817,0.10335509975834628
7382,0.18852487437154758
4071,0.6581563979392322
6820,0.015647864994891316
3241,0.07142106603409712
4026,0.14827040878355335
7024,0.0040910719371084585
5846,0.12068495801504124
2841,0.26380780701769774
3706,0.2464985177084978
3884,0.02482811303768393
8072,0.010524612016111875
3313,0.4392241900391141
3393,0.10356548210925993
720,0.020917952976107445
2622,0.10672118033305442
400,0.25575286263577685
2691,0.026947365902147462
7427,0.3625811515168427
4883,0.09823536753980651
4580,0.006330858589659396
7738,0.19139611089941724
6040,0.04200639977495512
3541,0.042909453547671415
6104,0.09494224919579035
2624,0.2817219043198276
4752,0.13088564312466452
5707,0.1369147403612479
569,0.09717420323891869
2922,0.1799946926441442
4657,0.12019656798830436
1902,0.24805010439898
131,0.05286327626632054
4434,0.09196585872668196
2293,0.0314616986616528
4564,0.012527611754614094
1642,0.2563059976391996
3396,0.02050086006466025
1022,0.05719232004869644
170,0.43221722743043106
1528,0.48892099743290424
5718,0.17343022677141579
2423,0.3525746510964585
5104,0.36521135485800504
688,0.2722547487220349
7805,0.5238771404179176
8287,0.0034696449091137053
1557,0.04131607068113839
4741,0.14188536045010877
1306,0.011615635947979997
3953,0.3198484441261948
6647,0.1626001582295707
3325,0.0615792900806285
2694,0.07794241384585741
6445,0.03590833393347664
7732,0.2884244453207666
7773,0.30149161378753997
7595,0.5
4207,0.01808988812212523
2865,0.005347246110722037
2721,0.08329261328465896
4633,0.03066330148555441
6172,0.3052727140031823
3695,0.07911981462079545
192,0.5215117419361723
5583,0.07627834867376124
3812,0.2144038446553351
7653,0.07124140227572692
4116,0.009691129722146209
609,0.07729045067461296
4109,0.4924150171477902
3180,0.05917894654585692
5152,0.005479101281463821
7048,0.033378700244413195
2876,0.9204299196900279
425,0.3000930640959088
240,0.36155372604392344
6119,0.3351360344737996
2941,0.028367616068508312
2134,0.0116919307866331
8294,0.2592672920293826
2178,0.051617496834847856
8230,0.2043334456455265
6693,0.06278731732200567
4357,0.027466881221919155
7807,0.012946126900940356
6988,0.3495746723391462
5415,0.31036170080006953
7236,0.1695507114521221
796,0.8588079314603472
3357,0.5240517269570322
2657,0.356131941759284
767,0.029965166822586597
8124,0.02231636643471061
4768,0.17040370909819932
5867,0.19177243312673573
3176,0.1935698899814017
3029,0.029883279610954775
2991,0.10384985844062232
3683,0.1138689766492742
1403,0.3127452075373447
4707,0.019729215291385965
3778,0.19071134507176205
6989,0.24923711500250784
7980,0.7031465837615107
994,0.16309443846056484
3801,0.017592439831405883
654,0.03862884062203117
881,0.021260652956006904
3738,0.1988353565925661
8292,0.02947906112826521
5780,0.1743667737404387
3061,0.1030425802253221
2365,0.22915243884081363
6700,0.2199967806957534
1120,0.16483051219966993
1367,0.19179845717799274
4018,0.03450194351372021
3022,0.009149893760892445
8074,0.4189618637245572
772,0.1333330528015145
4160,0.06272481781187848
6357,0.028718648272713906
6372,0.06612378944811176
3475,0.029940347320970766
8132,0.1846160315199281
8328,0.7115732110250291
1832,0.015168430827083657
4202,0.028648249104984116
2537,0.37058117056521017
5776,0.05770230301471953
7724,0.033166084490440485
7989,0.6161487801878979
3443,0.21861817040181392
1125,0.0648326585370896
5719,0.4623143575612721
5735,0.5512068845107699
3,0.08246711767383225
1048,0.12266784886668734
3882,0.14858450860559505
7691,0.01023820753360077
8005,0.025792550310572582
4492,0.10841780124110989
5721,0.12091420609981433
4132,0.021038232154557805
7753,0.0762379330757427
137,0.07741633758433075
3016,0.13016177305750515
2127,0.16428326615594044
4196,0.02527763735331343
4617,0.08060965305514647
1029,0.3741807218276291
8321,0.15930835736609794
356,0.1588023612585581
2951,0.008749704463412538
5759,0.007065010374200992
7956,0.5268244178021851
1977,0.10553956567404132
6042,0.037396063478355494
3412,0.15972230592549905
1664,0.004495740797141655
4223,0.08276824865152874
3234,0.29871583472919694
1211,0.4878287644851024
6272,0.0769536897573963
5674,0.008846209406385929
5771,0.0010045471143854468
6973,0.6331858212935174
7797,0.7034601265036362
162,0.07020251409011714
3514,0.5783473332235735
1304,0.3141514202981694
1431,0.14774244800515096
5273,0.09956023362825897
781,0.02675212432973481
8183,0.018751951071531287
3848,0.447377083849027
2132,0.26740249998165155
4861,0.8998543687630841
6494,0.1543655257576776
1571,0.08879448831373817
1594,0.19915796828965238
1202,0.5643499278911058
7107,0.34093767952855764
8202,0.08235830756727314
4838,0.019483585985646805
7367,0.29001644430407947
3857,0.047258480129994646
656,0.032797125597493024
6947,0.3638540262242422
4571,0.014266341894449702
1575,0.29460484517483226
5131,0.36709230673322985
1395,0.42675924106441837
3684,0.14715070105929964
6537,0.038930958104312456
2714,0.034399836448361254
5513,0.15832794423441074
2284,0.13907307600824564
1703,0.2802283124680688
156,0.007917583165976369
3171,0.4164812702579914
1901,0.19731772707462977
5406,0.08272572324225308
4344,0.23102470287206903
2172,0.0721087615421761
7800,0.09590519666545043
1926,0.2910976532038164
2602,0.026584303893200354
5524,0.2172692321338331
4930,0.1277997543507897
1088,0.3853284711586746
4072,0.09289612666834854
7608,0.011765349661938389
8280,0.0775627580063122
7008,0.5512460877723993
1591,0.07876967049990191
1039,0.25503121651092275
729,0.18466126043049957
6160,0.13919912717760782
34,0.1254463440057497
8304,0.20355480564692108
1867,0.0317029719434305
4649,0.11857177247497323
1073,0.15795573076871008
981,0.015126433037214341
766,0.00832059091592829
4063,0.46549220064679797
1080,0.16455597196374078
4311,0.23054073617044998
141,0.23199725190266535
2233,0.16307472064112213
5681,0.05083710847919821
6082,0.40169474382701437
3428,0.1602951238759917
5501,0.01386480459927929
4144,0.01198727792516846
6111,0.062224340457179915
4788,0.16533900164916882
1179,0.048773744568864616
2835,0.0904911030217327
3227,0.06121972361313919
524,0.02641609846707737
82,0.032524797837139845
7750,0.14231857657467664
4540,0.27287935637712885
3126,0.110746916394168
369,0.016788256164160666
4368,0.19021124021114133
3833,0.5
7722,0.35251744858497586
2247,0.08487008735860231
5880,0.03303346713400604
4713,0.06461191449357298
4122,0.16395404990251136
3783,0.04168100429318091
3039,0.03750638289669389
685,0.07037086424478431
4595,0.06626690679598073
1361,0.08617518875557251
2851,0.5911175510481929
7297,0.1241338198974594
6241,0.09399078542202371
6827,0.5
8351,0.11623323141788902
6576,0.2336285753166505
5686,0.020427075429405347
4157,0.8464626156708863
7344,0.12065965630758702
5346,0.057183221183811514
1216,0.5472677567368763
7324,0.0037140299426554526
7239,0.2404929408870887
1484,0.28108799768615933
3699,0.11090408727922502
5487,0.26479488619878544
1864,0.04663359431297394
4069,0.04082490923065423
7428,0.1695094364363933
2898,0.05448907702214825
6276,0.49291011228796955
188,0.28898174011275596
7968,0.026327806931484836
470,0.34081932405410387
7417,0.4124739055419595
50,0.02158229178902921
7377,0.056984097146848794
8040,0.13487401223831866
7129,0.040017254877527275
3597,0.41963536989519323
4104,0.12164553170389258
6676,0.3051485256621224
6637,0.005553048435742949
4778,0.09128508234482831
1268,0.2041483396126476
6228,0.19830024472201208
739,0.010498686155173973
4574,0.25529353166398505
2445,0.03996991660375193
4356,0.19812110415013032
5626,0.02561256435557173
2885,0.41562414301723755
4980,0.020091958255258707
5112,0.05091828051814424
7599,0.033919830421610744
6323,0.034126125401248014
2528,0.1684234032007453
6301,0.07809747226000038
4701,0.7197867498445427
3299,0.2865202704691131
1644,0.23847460689271438
5227,0.019066737927965
2090,0.1838197339824646
7947,0.059583607821919585
4722,0.3448056672428743
5979,0.014550732358361145
5571,0.0626769690491248
6273,0.06272844073917087
4484,0.08849836975007688
8055,0.08459499056750698
8131,0.011803008964624656
147,0.012652087087985427
265,0.018264551552702
7618,0.3880768046580362
6262,0.016110380532896602
3770,0.14917926748864244
2527,0.11956615849808817
5107,0.010628824639120736
3654,0.1534420304280349
359,0.16628316353855774
647,0.2247668757603268
7765,0.1807301452394687
4230,0.19631835317588994
3100,0.012908721690057854
4968,0.10644844395353084
398,0.06296548471584601
6198,0.08671085644598296
1990,0.0035684564317252686
3181,0.3011462147224694
2869,0.16566193518052666
5895,0.5531844431639973
7920,0.09703519651000174
5250,0.07058535528077646
2856,0.0023200202857963236
526,0.16307460581637626
3912,0.027379258636141657
8227,0.06731006423967018
5419,0.11005384108152388
6589,0.5370079073687218
4403,0.007704216325482882
3691,0.0026839096667220395
5193,0.2667336425078831
2521,0.1444544812303397
6852,0.05956556093820059
2453,0.49308482523457403
8336,0.4213293796803926
5345,0.13741840726174834
2055,0.14243009551712532
3550,0.2065256240173215
5187,0.19951499610972506
2620,0.08649439936912393
823,0.13332616232353575
3750,0.47668408537199886
4228,0.0029343382153582706
2113,0.044352895778878416
5200,0.38748470387292805
5162,0.18274257546409003
5558,0.2976492708687034
399,0.17302160523347213
5613,0.10156444726191757
2352,0.6958419722303577
3609,0.05664706902580374
1136,0.1127661384707007
3194,0.040439891891822795
157,0.0012036575240090737
2221,0.23894286019839026
4436,0.030107562737739894
7795,0.009232878879263296
8214,0.041262772282712724
638,0.2333801720290505
2190,0.08618613640068896
4503,0.10288771476119708
4156,0.5050075359331675
8110,0.9043715168777126
3819,0.0008639645203987147
1463,0.02104942706077054
1562,0.13762306267833888
2482,0.26076554912919864
4837,0.049954308992549094
1857,0.11941846015365064
3726,0.040454322827159335
4195,0.9342736105830882
6891,0.0431974915269099
686,0.06905156912049258
5697,0.08243742425246293
6243,0.10432714337530127
4061,0.0181361252096141
7318,0.05886084851129773
1643,0.034656549140549255
5806,0.364854648642221
1009,0.20239674941532823
5521,0.6254268578603092
2283,0.16556032323408154
4102,0.06521347686775693
5341,0.02704432740552737
2212,0.5909522704406812
4183,0.030051089593257294
512,0.08685746080870536
6395,0.24546139609131692
905,0.2683790075973749
5856,0.36360598825849
3873,0.06354904880558412
2918,0.2875483994481938
4025,0.5
247,0.017307116088398845
7211,0.29537479137220374
4482,0.2677604169775143
6877,0.07169150598024049
4380,0.37882472771585196
2659,0.008590897064664085
433,0.047002277334643856
2553,0.13837419024899802
6886,0.19105063065966402
6521,0.06779748788982344
1335,0.1904435046112114
4569,0.08359427818620743
7959,0.38354375791736317
2332,0.014898593324844759
8356,0.13528527929274684
7366,0.2594599925506961
7835,0.11582157792762714
2465,0.08634450194567574
3137,0.09730590129024518
815,0.0970053857076154
7621,0.019174864530849784
912,0.04749019864337957
6167,0.0282378587748971
6426,0.03110747764234473
5942,0.13403344646226353
7637,0.0517266089819686
3775,0.0018691430369176104
6347,0.010733846406103857
6471,0.28772408050943243
3880,0.009397212135955586
5624,0.1472161278070947
4889,0.33010910423541834
7328,0.11408822036542665
728,0.08714362667758581
2815,0.16268319512337423
7915,0.0025433838365078207
7477,0.04690568997765978
7368,0.0636320198758048
5351,0.4069292634255753
6408,0.24131829211749592
1315,0.015375541259750639
2114,0.6258445744828627
3315,0.013919130550513931
1925,0.2671553531722414
3645,0.09818112176424201
67,0.11770685687486107
4544,0.1905825993659501
45,0.01725853892301327
6753,0.11033485001865524
4853,0.25586794102973304
5105,0.0032694382521858177
2906,0.030638378031578376
6203,0.02267669982499657
7271,0.7021937323133526
651,0.5878806253722295
4879,0.43693555671965867
7353,0.09472260807319158
2627,0.009303614212372536
7198,0.0023503560501234072
3731,0.2761715684837957
8138,0.13954231575129214
3391,0.022379892090512662
6328,0.5510390772070792
738,0.08949154374471889
4631,0.014564917804146671
7528,0.03196726044539182
712,0.054891136413482526
6329,0.016829692796801632
7032,0.07234614189885366
1077,0.09289708267939437
7733,0.013440504697040254
4597,0.1819622779314041
7829,0.42935306246043176
6168,0.017081775601803923
7775,0.2808685299463813
3914,0.0712608085462338
6131,0.04353221390299669
4682,0.5969965823421554
7596,0.062701959524002
7906,0.5244837984860297
8161,0.12439654738662342
3619,0.2590576149005966
1293,0.14699758495496495
879,0.04278959047348998
1269,0.028561789592654714
2556,0.3812035028010405
5364,0.6748897296305593
9,0.0012115908861077913
3673,0.0818778508699176
5004,0.045312926173100676
3384,0.11577322111859668
7834,0.0013560642970804118
7876,0.07022869915764247
6053,0.0612326992067286
6831,0.12013285024430978
2977,0.7757507689576177
1011,0.07885239229291084
1409,0.27189868924775396
1000,0.009070392943859312
2026,0.2893023927971906
5839,0.4858732810690107
6612,0.25265388244432496
1573,0.11170319146605741
2542,0.04232558625791631
3478,0.01618956419565255
6125,0.1273097000381598
3394,0.05949350831063863
1931,0.07459288855090461
2070,0.027176165266150326
2967,0.19703362038910371
1360,0.32035376406326715
5408,0.026368780019540565
6745,0.340118745376581
3031,0.21001068698419184
1668,0.11643408882723728
2680,0.07373467379912267
196,0.04052765246578119
3864,0.24358475262487114
4712,0.34401236269760366
502,0.307575533686301
5027,0.04493567660875968
4758,0.06101166932360618
6653,0.020209028646399514
2386,0.15503751284359876
350,0.004863663121407021
7415,0.22725333254771726
6260,0.06391312979333674
7986,0.281681786835416
2380,0.062267693104686654
3303,0.009046592712630006
878,0.29726893712901964
2427,0.060975423010403616
1108,0.02202328491758919
2466,0.10802630313153062
1709,0.00928053490317682
5312,0.13018536799467423
5129,0.26453912031871807
5570,0.7331289485383498
5218,0.01103664497764209
6358,0.04316458006484435
8004,0.24348166466917764
2394,0.06823621400889844
2119,0.4433958914513922
1734,0.40442000517978316
6175,0.11384931534721576
7166,0.08150492246008224
4164,0.006107789933768855
1713,0.0016521096750626767
2880,0.09039047996542356
8370,0.07416357589877913
668,0.1013915274465262
3578,0.005595431039855052
7741,0.6074968506385833
6271,0.11775490929318876
8083,0.5291578200374135
7761,0.35357213069199755
1765,0.10044069821387894
2932,0.022811013997042242
2840,0.22146182971913697
4354,0.6641053658090813
8225,0.027984357184038217
7082,0.020043299565856154
2744,0.16548260842459342
3023,0.0756137390563064
5123,0.6540587783829022
4776,0.38864173148028136
472,0.26429825699323
3787,0.0009484163577333213
7286,0.0338298404251467
2987,0.3225868826799566
1888,0.266390499569667
4746,0.09212531460432626
8155,0.026637725749689985
5568,0.0072115559168626645
4565,0.022012855448924215
6513,0.12169378958648581
2179,0.17166445254242046
2173,0.07311186254163744
1570,0.1836270098625697
1795,0.012955972338685536
5185,0.07330374330718487
6049,0.035238786277532366
2372,0.06112331985412828
4077,0.19620967527663194
6674,0.0017129075260563348
105,0.09106547552610857
104,0.10069133277957155
3280,0.43961773096623646
1121,0.47271505396341035
222,0.25234200481187913
6107,0.19312823256526976
6456,0.3792109461245585
4673,0.04699280900861521
531,0.3789927357554322
4957,0.1165631821877625
3584,0.2760245163655413
7373,0.12886911080860008
5815,0.20140779633428785
2036,0.10331740121290355
8327,0.2680000976711513
6283,0.06560254129167725
3314,0.07416455817395044
3825,0.0918115279812142
2652,0.03869454664266197
3789,0.03682472689814808
6138,0.18964418911225628
5390,0.13809686772333865
7744,0.09719078577029303
5115,0.24302830753524404
6844,0.6751759512153739
5208,0.5128565434393547
7844,0.04893186403212179
1506,0.005906539143104417
2121,0.06379010378812656
4064,0.03143820843373209
4005,0.01480293913017756
1803,0.1220398936798275
1030,0.514105572495475
1723,0.5471871220510454
3147,0.05801793452317847
6779,0.646424432034889
5957,0.13146886051268125
2810,0.3292483197202418
5805,0.017313967326715838
1171,0.10673903886460798
1035,0.37671255982552326
84,0.17570251671149248
3620,0.19180984000370027
5793,0.02066335610443665
103,0.060113324924295226
4187,0.29322734502613557
8373,0.07867324458433794
4986,0.22242756703814578
1339,0.02143044926024228
3948,0.01200454781975075
406,0.11481464540749747
2833,0.30935682777155826
4254,0.07257768622210552
6545,0.2188117281613658
7291,0.17523666812892869
164,0.7284328539447027
6316,0.22027018455453537
183,0.01132753223793114
7457,0.06249603867718306
5531,0.01646051762292423
2945,0.21204026276995147
1096,0.4426309803960364
6685,0.06950070742869836
1826,0.1488183212230623
6185,0.2225504319476728
187,0.030901361322934
4024,0.2469799573406081
6412,0.048122050481272424
3327,0.22334932500625265
4315,0.01025681517709797
4698,0.12880124891025654
6835,0.3773007490789509
175,0.09207300690623427
3715,0.2024016898873009
4638,0.28769263040771315
7441,0.0336388662128811
4697,0.06069560955149152
1697,0.057065573942405606
5566,0.2634209575752221
4655,0.3980414180278724
965,0.04974589539939974
2023,0.05481580110636673
5974,0.06932640514504346
2577,0.3025266101653391
5229,0.028477417941580267
370,0.15212543221318667
1003,0.0502301262516506
4318,0.04230410485759518
7856,0.02306041750463994
630,0.17048760720365294
1092,0.11798765526314971
5913,0.12406456293886295
844,0.0350012995588091
35,0.15283767692931485
1938,0.20815332264857864
2414,0.1250330332180497
1219,0.059733033615604135
1186,0.03311820902456372
3250,0.47100486483807263
4470,0.1668094715568693
3532,0.5189881809834412
3220,0.19740987121661976
7275,0.05541312608449932
8313,0.035003235046543985
7610,0.02190740597390361
5180,0.2651712147488314
1001,0.016584790996650937
7831,0.02061615824285093
8111,0.014959803431914605
2551,0.3089941891219068
2496,0.08172152665372379
8128,0.014517532834361491
7092,0.2909185202362475
5309,0.01079288619507533
241,0.5689922819439435
6547,0.026885547795320257
467,0.23842114072565973
1182,0.12612057622304323
3713,0.028944707743904983
2213,0.0995957366004932
6996,0.2251970097528216
5475,0.23434152854470341
4394,0.05786500140131122
3213,0.049118336956594615
1715,0.8514172092959353
3125,0.006723609002526717
3091,0.09382340704250823
564,0.32777577888802684
203,0.07032224738426589
4320,0.22557332931286625
1386,0.08222006218709843
7922,0.1427298638564016
2053,0.024504818990921294
6806,0.0083714195882488
7109,0.053558596978074885
2701,0.29958830293646366
1497,0.009588795245334958
3771,0.1513420291563597
7584,0.18640382833180535
4415,0.14743618267025307
6484,0.31849580311341996
4331,0.13950235282257914
8320,0.19405515920194014
7991,0.013607238540913561
7227,0.18217833320965118
5085,0.013056490434798878
2749,0.19506763921889592
5253,0.11659887102925147
6,0.24083568300269148
3067,0.06114870543392577
6770,0.028081721409513982
7962,0.05643030400577882
746,0.6842644782969112
979,0.10384505995404755
1834,0.4752311506152682
5962,0.08033802608198712
7233,0.042345622902555134
1391,0.06231388423749874
6562,0.3724217504501661
5582,0.02232418616235521
6439,0.0673099494099129
7806,0.09258713601184064
1959,0.695083501346504
7214,0.03648153861313039
6239,0.05957542742528747
8220,0.7514129230476595
1457,0.13217144167762804
7969,0.03895291986063006
4384,0.050179550622250726
3701,0.09142167468036631
2142,0.2084876272487722
6572,0.09751511756035461
5665,0.5282489568744759
4137,0.27789578643756896
3992,0.339628699978305
7363,0.2502793554820847
4614,0.07484135822152764
5832,0.20625602945674695
744,0.06955224992927608
4287,0.19894034264110608
2025,0.15659839058856487
8185,0.011444535595048403
2390,0.0017769034940851734
2425,0.0023826663949632564
4501,0.7943443332719484
3397,0.011207863853025012
7704,0.39057652830375905
1014,0.1536526441457314
3439,0.09158120464261925
4793,0.03216863152427254
3052,0.08258667323345323
168,0.08662150995738851
7944,0.06905758647560332
5554,0.6931756808285192
3637,0.23240891395235191
6998,0.6665745183215742
5225,0.030859510601321864
4221,0.017245564433114216
825,0.06084309305573795
7171,0.1867150556163573
6365,0.273829314565463
2406,0.11169450267863257
7314,0.011993527188327429
634,0.10071778273574088
314,0.06303885841002893
3284,0.059506129857475255
1273,0.20916174140724486
5290,0.1295744921860507
5411,0.3152405804454445
7757,0.05273637412914212
2718,0.002670315316637667
5563,0.08104564666849119
704,0.1000256130195593
7936,0.04528198940696086
6661,0.21229224451959194
1874,0.1853286306075878
2970,0.3733407372884471
7456,0.009321218062263234
3843,0.04777420569514593
8282,0.0061242319764038084
3338,0.14619772859529906
8169,0.04974936184148844
4330,0.4663505998994219
3590,0.025417535376873537
6979,0.03359158482594792
5733,0.036775357600141785
7016,0.030078009902807144
6180,0.051239509313524806
1058,0.12663841409675425
4405,0.2143718524537273
8165,0.5637769327403764
3983,0.04581446003195107
963,0.32758280807024354
3970,0.5280469776261889
7781,0.17112494607935186
3696,0.13256008197144928
7889,0.009166762869024403
7173,0.28617920249602036
4810,0.004559430185455318
4676,0.5
1225,0.7523482807305311
3488,0.13496081317910094
2315,0.3814114250225535
2495,0.014755002142191824
769,0.02167219370689407
6680,0.21213646371345893
4338,0.013952338654596627
1537,0.420312756975245
7044,0.03240385113444209
127,0.004548515728867606
8157,0.07738967199010764
6091,0.17513185541215698
460,0.0934490660374635
7791,0.037542869531334705
8089,0.357296824069209
2151,0.004619118181468845
8329,0.07342382914483579
4379,0.6796759107329806
5101,0.005762902897665946
3122,0.07812884615383547
2060,0.19240657628728502
923,0.044021927523288464
4670,0.10150357887116604
3835,0.09727920306027361
3349,0.19196196185931555
7581,0.0052030750815215705
1927,0.24409961933066782
3744,0.21939488506801982
8182,0.3642289674694243
1954,0.42348034048211597
5163,0.342179288246916
2670,0.06390892189946344
6638,0.07537680913160084
3476,0.46973865407074394
3408,0.0703383332714928
8115,0.01512001521397176
6853,0.02508914776597412
6179,0.2550397169105576
1135,0.0116522406523767
5194,0.11180805223468135
7093,0.060508651613781925
1920,0.017028846037139243
7040,0.039337654412130434
674,0.07667400226006513
5676,0.0437364755168918
5980,8.332471217949728e-05
4127,0.07260813944917442
6942,0.045747310488353655
1854,0.08089737677500851
1886,0.04799818961616538
1755,0.05781628317728201
5722,0.178260124950736
7438,0.053458231459624694
1207,0.11637396621763581
91,0.13712036191406576
6975,0.41759725112922147
1075,0.042250524343874746
7764,0.6939233784885509
7916,0.016431993714447583
8324,0.18649336841126982
7004,0.09517903101741408
5265,0.3020077825215771
5441,0.2610378466435193
4997,0.03718051095969318
2110,0.12120647923989565
6004,0.6996322908824852
7511,0.13544128185862592
3164,0.40293946814606285
6370,0.1033231650072272
6961,0.03369015250254743
3564,0.08038297459687509
7525,0.18131600685162094
8322,0.030990354216407043
3538,0.031053048151152472
822,0.7964845774051833
8080,0.29661911991435913
263,0.3052031833466434
7855,0.3677756240653041
6865,0.07006042583021659
463,0.3978083279804822
5989,0.43367271752758507
7619,0.02805445482609005
3998,0.0012698754167976283
4627,0.06378736156356775
4695,0.2799968034949001
7710,0.06969706445921632
2500,0.08888691713989365
2313,0.15023539907350478
6608,0.21284664415210505
6628,0.019353723201846394
6094,0.06586817159378587
1250,0.3112432690640878
4667,0.061446436705506285
3507,0.08983767424746297
2328,0.0354447436698131
6525,0.01768795935604964
6619,0.02712723478425045
4237,0.034366351578943466
1706,0.678117646753549
1548,0.0219973457012925
7023,0.15588859873449076
278,0.07237911142167223
958,0.33356167398700287
4518,0.022255210607569176
6518,0.4070068104137099
5266,0.4450133496749436
6035,0.115691551133631
6060,0.06025431216091362
2616,0.21256701849927107
238,0.09876339260879305
5308,0.1429708442964225
7821,0.46557018637051495
6953,0.029420184761127254
7678,0.3713175130720124
3920,0.3911760028504428
5605,0.6138793555465903
7267,0.06373089825398988
4493,0.3495542550289901
5808,0.23348233548396244
770,0.21516667230419048
4326,0.14787101771042954
8197,0.07002636597707367
8374,0.2987444289521995
5060,0.3337613043012095
3263,0.3532925608706437
331,0.1779216988332881
5331,0.009671521263627244
473,0.07491906242551845
6912,0.045882264826584696
2729,0.3889153216067465
3081,0.19688377057449033
5220,0.15437956510425546
1402,0.04018824299704632
7158,0.028447380848113397
5975,0.03296923909427695
798,0.051956370997092244
758,0.038631284597315914
2109,0.023026397741372627
4745,0.08116492158300129
3543,0.06177552809157024
7453,0.10913873371888567
3436,0.08182222741408463
8104,0.6448969565443631
554,0.5995350924316917
889,0.4457006720540863
3231,0.024614693695071473
2314,0.037577314704484756
1235,0.0046497911455815645
2013,0.26373723111518216
3379,0.35343130470541134
4534,0.05060282019067031
320,0.18360833445615327
3469,0.0635843103047596
2704,0.03564582539088469
1605,0.34009735495524956
1083,0.1295914628757044
2220,0.04734292564507099
3035,0.08144755235592735
4735,0.29557842818808944
5470,0.06968222277331566
1712,0.060526456842033095
7035,0.20215482284405936
1691,0.4159516596808351
7256,0.1210885411174159
621,0.04601591272473345
1501,0.2190562143636099
2376,0.24391794376867332
3602,0.009964061816156836
7727,0.2826245561351657
854,0.02371387231771794
4781,0.04342234144106624
6059,0.42173587870391666
6681,0.4137646281417222
3446,0.18396811608757382
8314,0.5250178857475987
7854,0.013500228350218801
3904,0.35280798874176483
6614,0.012779720290280143
2270,0.05282001405399304
4020,0.04231309569225534
4186,0.029708788613283754
56,0.005788390877468487
6798,0.01710334048456454
2207,0.06525452356938363
5792,0.09046391362011624
2799,0.20958259911735816
66,0.06488573533940142
2819,0.1805929167820772
5421,0.1969592612605352
4499,0.13743998247956296
5943,0.2598587678908772
4336,0.2387917928283589
471,0.04720943635095383
4079,0.03460960172065094
4749,0.5934871399991849
4870,0.14857998890349305
3895,0.155462022762269
5785,0.3153203944293355
2234,0.02911122871934116
3271,0.04838706410534161
2165,0.28386379364494546
1198,0.35465568517017776
3141,0.012770162965099521
1276,0.2533383663635684
7451,0.25135715174133866
4506,0.07302086833475564
5167,0.4621615008150193
6919,0.08569280973655938
7339,0.010960300282830326
5821,0.07725274354756628
5040,0.27464322433406163
6457,0.13067568678310656
4847,0.006753628085222964
8093,0.28842360271520934
6984,0.06276543922260426
2678,0.06418494769495896
5384,0.13181549724992073
7012,0.3007635429454577
1026,0.1513925093119933
579,0.043603463423909264
1242,0.2186445786877941
4626,0.01627140544589213
3405,0.16570899309600842
5070,0.13435222124963084
5113,0.09750664737888373
5081,0.06138547276485666
4738,0.5097624652462138
1820,0.15141662883150253
4028,0.37628297634127167
6418,0.041856461037901284
7401,0.361992148997032
7614,0.3315032482676789
227,0.37577303431056736
5095,0.1714648256839943
1174,0.1181105303005558
3330,0.059825108521479146
6280,0.10828913320593214
1010,0.06946653786324379
64,0.2481663946002421
5429,0.14255787090043298
6414,0.5910866031812223
3749,0.028215487655276053
4966,0.09642227580715633
1209,0.06217178658887339
8119,0.4636274808997597
4461,0.31165296088299727
7832,0.014827348826412423
6153,0.34879899110690016
1100,0.07238120752461383
3650,0.10915416052896046
5216,0.03694964331578078
818,0.011515899863299624
7603,0.07265180876883069
3123,0.12279018208659048
5454,0.0833054556350724
2888,0.17587974213718358
2295,0.061678597732932314
6622,0.11842528241883558
2118,0.07794665311820775
7163,0.1885995160660217
68,0.11460629214570978
5852,0.24161252623604548
1060,0.015093908076807884
5633,0.21789875450986337
428,0.22970976154711592
2764,0.023264875932568003
41,0.008566130015498432
4864,0.033949898846939594
5690,0.04294695072225443
4004,0.4460581756596559
2811,0.057752329420752514
8152,0.029972931262173565
3823,0.5310795189889523
959,0.026401564673412977
6541,0.047612760410562255
1947,0.24864602847037673
304,0.3653952891926568
2302,0.13432792542372304
2853,0.295640113645053
2322,0.055305589503667305
5238,0.23339037383536376
7464,0.014814699629989825
4372,0.2900211225639619
2903,0.06359280362062417
7589,0.059349031164275166
6568,0.07730211348666435
2346,0.017039447048866584
8368,0.24376142047465865
3170,0.10628309553754603
2117,0.6527676390303283
7005,0.2609481403803119
6728,0.18464763621898145
417,0.33108495831256607
7084,0.005049662869362664
1839,0.051438551488811914
2286,0.05968620008793011
833,0.12214070243087571
1241,0.0850515593520572
7387,0.2084889134365402
4037,0.17138946385280013
5830,0.3110529956752396
1620,0.007782098609730574
7918,0.001733918415242983
3604,0.1419947006233785
3708,0.07652498822661696
6303,0.3839586281103568
7444,0.06693403021308496
5908,0.012830095976689692
4822,0.13365580683136943
5749,0.3667897032199093
714,0.3731053944465107
5601,0.0426568444348434
385,0.4716945816165442
5511,0.13759921660305474
128,0.07387275872933861
7822,0.08086228124479178
6136,0.165184975873713
7768,0.027031141764400107
8262,0.09649789326969106
2200,0.14445718778307548
224,0.5
5947,0.025507162763996213
1405,0.15006826325500053
1758,0.4267778278597072
590,0.7505239941925507
7995,0.17745322685666104
8236,0.2050021501432957
2199,0.014306133230630078
5033,0.03877972086689663
6511,0.05150755915194172
6527,0.04614230933522697
577,0.18218498206808173
3108,0.08571323650780471
6306,0.011460554437825477
5794,0.20425627109814304
54,0.36297379582941086
5240,0.015850518920473698
4820,0.07665214345174744
795,0.09401361709346395
2029,0.011550772150330194
6215,0.19328543724911676
6018,0.12274320532306612
270,0.004094276163541484
3430,0.16653371450746826
6720,0.108580294103431
6159,0.11999300640662577
7588,0.011822626215076222
6534,0.037297820828910054
7973,0.12056102499233984
6592,0.355610198157084
5493,0.09218686182268042
1323,0.057272515587316886
2271,0.04762647646328266
5458,0.6474266285953921
4502,0.5249436798025819
529,0.03597560588926699
4512,0.33634308860220336
5823,0.0783639709599626
3253,0.257519618593556
1868,0.16339441461870782
1051,0.14065980771596287
4136,0.8137569851346237
386,0.09243966091989454
5798,0.12569741853698496
47,0.037717313201206616
4624,0.5435555104514311
558,0.06607822745412133
8008,0.10854306968376579
6394,0.757295195359187
8347,0.05044328442526961
293,0.07648364364320627
675,0.06571653375773676
2208,0.20631160100328702
2409,0.16719166418284762
1244,0.6174476387705421
5597,0.02500710046289315
1475,0.5
5466,0.1722981912746475
733,0.20341643336633902
2862,0.3906829291786107
3850,0.016766757671331924
6790,0.1927036298043828
134,0.011917291406698999
5878,0.14782501813796572
3725,0.18783854792038496
2954,0.2805129268963214
6785,0.11939003534456503
1996,0.23530701834566428
1633,0.007630319364728933
5478,0.05434173657616918
5091,0.16163272603832674
1648,0.04004722656853588
78,0.1392492954475004
7293,0.0671226817031815
451,0.8177099890832834
1694,0.08360200719629429
5057,0.1892730196215889
2020,0.15013340319125718
8099,0.016386164432576227
7228,0.06483261546317552
4414,0.046327341886340245
2767,0.061253633997781616
4053,0.04809338888938215
3661,0.0019739441812545618
2653,0.34034989891638423
7143,0.06977645095467508
7725,0.15494421987980048
117,0.0023967686338819453
6548,0.016420864703012825
6039,0.10118629699597592
6529,0.11528539716534265
8318,0.034717945667315925
2784,0.02774617709392263
5518,0.4111814883985456
7495,0.7782392958005855
4141,0.01727173322117551
1640,0.20790754690603458
3243,0.00794236871590892
3166,0.0909547146783826
6013,0.38109340732694674
753,0.01869097661390002
2762,0.4725038406025216
2512,0.013893674874732132
2197,0.09884514678457544
5257,0.13654244233548704
2177,0.02068536216649039
7685,0.19891212537478792
3518,0.35792034082185364
3258,0.03096602172803941
1883,0.03817048493808868
4610,0.39854907270507184
5505,0.04425479597289175
3388,0.04534465885280326
6321,0.4900960017752786
8051,0.2534828924109708
7972,0.20489528970140375
2456,0.05604746342347077
693,0.05431374271971074
5230,0.044578264470246605
5009,0.3511436317447219
5887,0.7016945719106603
4621,0.12828480768201492
231,0.34183899770107157
7212,0.0013715147574043253
3206,0.36602032925967853
6665,0.13902372266249738
7178,0.092812698630855
4313,0.1364060608136089
6139,0.21259599364485016
7734,0.30847651831598194
5609,0.09133409318408264
3527,0.07340592999459165
7302,0.015152559220787312
6366,0.07121534445680015
2733,0.5073805633039202
2998,0.06822807120835261
7220,0.20155540008904227
1318,0.0064806255541103135
8312,0.31695786086357797
7136,0.18150638993556198
1662,0.05292443397242287
264,0.02303820495681828
5976,0.11210189365933682
3090,0.13514718969351724
2486,0.1019137587187628
172,0.03204992623144846
4491,0.04485117439187604
4370,0.01011511906032052
1427,0.04656272854302537
3834,0.31411454848036724
5433,0.07909996351645981
6009,0.06822108650213281
1436,0.05418420005718594
5991,0.13290071028717743
3647,0.1974870040070212
895,0.01400523820676842
2085,0.17281425124621777
8339,0.03266791558868076
4448,0.5401712715993533
7108,0.7936573029277095
8056,0.01821940643105802
5385,0.43210742715537814
6905,0.07178075020417304
2775,0.5064649036480031
7647,0.20621792141520062
5896,0.20214246767740052
259,0.050121411384198254
1228,0.23007835682642544
4486,0.06933751012402231
1904,0.06803370294485303
2278,0.01327123001334789
1808,0.042120021850332284
3195,0.1554571834713106
6677,0.030877531044028468
1618,0.00949975921786506
1554,0.020211452938256175
5675,0.2880092009944981
1316,0.24135466911214964
5802,0.2832502602428536
4433,0.12417041782674214
7843,0.032045330690101764
3416,0.018463550696950208
1625,0.10180249438419607
6264,0.5393714257405013
960,0.6105397209311618
8338,0.4409066931329365
2508,0.018726307890175452
7625,0.40739288025545556
1684,0.14901353363409336
5954,0.23066458149126706
6506,0.09443864324347356
8166,0.19662394307415867
870,0.05328292001979046
6793,0.03639702883963048
5726,0.05505104212684916
7087,0.0074742732494494195
5451,0.22966621826564948
2582,0.071251044253997
7122,0.01771212049499816
4398,0.05161241103269301
1141,0.042058366585780875
3736,0.3170769130360957
1076,0.052203576854215054
4685,0.007297621038502489
8331,0.0029989087684009594
591,0.0058394743147925955
3449,0.39165666863049947
4431,0.12981209628104737
5925,0.12346980407970935
7343,0.4140445963920365
3700,0.10066185124522634
583,0.2504043170334235
7466,0.3807346803133261
366,0.13045144679256523
4017,0.029954528510181024
929,0.06503122564324648
7208,0.1732008462362362
2108,0.24972504407679652
6257,0.33278363132381966
378,0.5249121210188018
7580,0.4012457872935424
7320,0.05883104189289231
4944,0.009407527696189136
2506,0.026485722285044117
2049,0.034885585868810784
6963,0.04136173539493211
5811,0.4347589136022627
2382,0.11292171040790235
5800,0.077515712408683
1970,0.0600880241516811
2648,0.07923586516576303
7462,0.049944572755810684
7246,0.15424715685843204
6268,0.09065550727759257
7895,0.10867471673523306
8096,0.3396081398452513
655,0.04155538987159209
3191,0.1751366219906563
1961,0.005847047359303423
253,0.6452103918441974
915,0.476702340476861
3896,0.12999454360561694
5233,0.2393126553364243
5128,0.00781337254917735
5915,0.1969655331703998
2100,0.1712949826923599
7818,0.0686180343730291
5363,0.06594775456379941
2637,0.3437031676750943
5522,0.188405694185885
219,0.03152147826391613
5586,0.006014429546370326
3380,0.10760032614361947
3353,0.31862367449518053
1258,0.00808428637863904
7849,0.522921427103794
6007,0.031535875591480064
2868,0.007628941724072262
5168,0.21141196743183366
7232,0.07684104352562388
4848,0.06373599546029059
3266,0.1677580500256155
5783,0.07362208802489373
1700,0.075805002581042
5035,0.014985900161323234
1154,0.015355976662269268
7982,0.5835963847166769
7299,0.9055313189352268
1818,0.1868464532163873
937,0.01988573679892082
6691,0.11896131398840859
